use limba; 
-- LANGUES
INSERT INTO LANGUES (ISO, ORDERED, IS_DEFAULT) VALUES ("fr",1, 1);
INSERT INTO LANGUES (ISO, ORDERED) VALUES ("nl",2);
INSERT INTO LANGUES (ISO, ORDERED) VALUES ("en",4);
INSERT INTO LANGUES (ISO, ORDERED) VALUES ("de",3);

-- LANGUE_INFO

INSERT INTO LANGUE_INFO (LANGUE_ID, LANGUE_TRADUCTION_ID, LABEL) VALUES ((select id from LANGUES where ISO="fr"),(select id from LANGUES where ISO="fr"),"Français");
INSERT INTO LANGUE_INFO (LANGUE_ID, LANGUE_TRADUCTION_ID, LABEL) VALUES ((select id from LANGUES where ISO="fr"),(select id from LANGUES where ISO="nl"),"Frans");
INSERT INTO LANGUE_INFO (LANGUE_ID, LANGUE_TRADUCTION_ID, LABEL) VALUES ((select id from LANGUES where ISO="fr"),(select id from LANGUES where ISO="de"),"Franzusisch");
INSERT INTO LANGUE_INFO (LANGUE_ID, LANGUE_TRADUCTION_ID, LABEL) VALUES ((select id from LANGUES where ISO="fr"),(select id from LANGUES where ISO="en"),"French");

INSERT INTO LANGUE_INFO (LANGUE_ID, LANGUE_TRADUCTION_ID, LABEL) VALUES ((select id from LANGUES where ISO="nl"),(select id from LANGUES where ISO="fr"),"Néerlandais");
INSERT INTO LANGUE_INFO (LANGUE_ID, LANGUE_TRADUCTION_ID, LABEL) VALUES ((select id from LANGUES where ISO="nl"),(select id from LANGUES where ISO="nl"),"Nederlands");
INSERT INTO LANGUE_INFO (LANGUE_ID, LANGUE_TRADUCTION_ID, LABEL) VALUES ((select id from LANGUES where ISO="nl"),(select id from LANGUES where ISO="de"),"Niederlandisch");
INSERT INTO LANGUE_INFO (LANGUE_ID, LANGUE_TRADUCTION_ID, LABEL) VALUES ((select id from LANGUES where ISO="nl"),(select id from LANGUES where ISO="en"),"Dutch");

INSERT INTO LANGUE_INFO (LANGUE_ID, LANGUE_TRADUCTION_ID, LABEL) VALUES ((select id from LANGUES where ISO="de"),(select id from LANGUES where ISO="fr"),"Allemand");
INSERT INTO LANGUE_INFO (LANGUE_ID, LANGUE_TRADUCTION_ID, LABEL) VALUES ((select id from LANGUES where ISO="de"),(select id from LANGUES where ISO="nl"),"Duits");
INSERT INTO LANGUE_INFO (LANGUE_ID, LANGUE_TRADUCTION_ID, LABEL) VALUES ((select id from LANGUES where ISO="de"),(select id from LANGUES where ISO="de"),"Deutsch");
INSERT INTO LANGUE_INFO (LANGUE_ID, LANGUE_TRADUCTION_ID, LABEL) VALUES ((select id from LANGUES where ISO="de"),(select id from LANGUES where ISO="en"),"German");

INSERT INTO LANGUE_INFO (LANGUE_ID, LANGUE_TRADUCTION_ID, LABEL) VALUES ((select id from LANGUES where ISO="en"),(select id from LANGUES where ISO="fr"),"Anglais");
INSERT INTO LANGUE_INFO (LANGUE_ID, LANGUE_TRADUCTION_ID, LABEL) VALUES ((select id from LANGUES where ISO="en"),(select id from LANGUES where ISO="nl"),"Engels");
INSERT INTO LANGUE_INFO (LANGUE_ID, LANGUE_TRADUCTION_ID, LABEL) VALUES ((select id from LANGUES where ISO="en"),(select id from LANGUES where ISO="de"),"Englisch");
INSERT INTO LANGUE_INFO (LANGUE_ID, LANGUE_TRADUCTION_ID, LABEL) VALUES ((select id from LANGUES where ISO="en"),(select id from LANGUES where ISO="en"),"English");
-- USER
--      Anonymous user
INSERT INTO  `USER` (`ID` ,`NAME` ,`SURNAME` ,`PSEUDO` ,`EMAIL` ,`STREET` ,`NUMBER` ,`ZIP` ,`CITY` ,`COUNTRY` ,`LANGUE_ID` ,`LAST_IP` ,`CREATED` ,`LAST_CONNECTED` ,`PWS_HASH` ,`ACTIVE` ,`DDN`)
VALUES 
(1 ,  'anonymous',  'anonymous',  'anonymous',  'anonymous@host.com',  'anonymous',  '666',  '666',  'anonymous',  'anonymous',  '1',  '127.0.0.1',CURRENT_TIMESTAMP ,  '2010-10-12 00:00:00', MD5('anonymous' ) ,   '1',  '2010-10-05');
--      Power user
INSERT INTO `USER` (`ID`, `NAME`, `SURNAME`, `PSEUDO`, `EMAIL`, `STREET`, `NUMBER`, `ZIP`, `CITY`, `COUNTRY`, `LANGUE_ID`, `LAST_IP`, `CREATED`, `LAST_CONNECTED`, `PWS_HASH`,  `ACTIVE`, `DDN`) 
VALUES 
(2, 'Power', 'User', 'p.u', 'p.u@limba.web', 'none', 'none', 'none', 'none', 'none', '1', NULL, CURRENT_TIMESTAMP, CURRENT_TIMESTAMP, MD5('makemyday'),  '1', '1977-01-22');
--      Registered web user
INSERT INTO `USER` (`ID`, `NAME`, `SURNAME`, `PSEUDO`, `EMAIL`, `STREET`, `NUMBER`, `ZIP`, `CITY`, `COUNTRY`, `LANGUE_ID`, `LAST_IP`, `CREATED`, `LAST_CONNECTED`, `PWS_HASH`,  `ACTIVE`, `DDN`) 
VALUES 
(3, 'Ludovic', 'Reenaers', 'lreenaers', 'ludovic.reenaers@gmail.com', 'rue des vingt-deux', '8', '4400', 'flémalle', 'belgique', '1', NULL, CURRENT_TIMESTAMP, '2010-10-20 00:00:00', MD5('makemyday'),  '1', '1977-01-22');


-- PROFILE
-- ---------------------------
INSERT INTO  `PROFILE` (
`ID` ,
`LABEL` ,
`COMMENT` ,
`AVAILABLE`
)
VALUES 
(1 ,  'anonymous',  'Anonymous users',  '1'),
(2 ,  'web',  'Registered web users',  '1'),
(3 ,  'administration',  'Administrators',  '1'),
(4 ,  'security',  'A Security administrators',  '1'),
(5 ,  'translation',  'A Translation administrators',  '1'),
(6 ,  'design',  'Artifacts designers',  '1');
-- -- -- -- -- -- -- -- -- -- -- -- -- -- -- -- -- -- -- -- -- -- -- -- -- -- --

--
-- Contenu de la table `TOKEN`
--

INSERT INTO `TOKEN` (`ID`, `LABEL`) VALUES
(37, 'admin#useradd'),
(35, 'admin#useredit'),
(38, 'admin#userinsert'),
(36, 'admin#userupdate'),
(11, 'category#add'),
(29, 'category#admin'),
(10, 'category#edit'),
(9, 'category#insert'),
(2, 'category#show'),
(12, 'category#update'),
(41, 'contact#add'),
(43, 'contact#done'),
(42, 'contact#insert'),
(25, 'document#add'),
(30, 'document#admin'),
(14, 'document#edit'),
(7, 'document#insert'),
(3, 'document#show'),
(8, 'document#update'),
(44, 'event#browse'),
(51, 'files#show'),
(28, 'homepage#admin'),
(1, 'homepage#show'),
(55, 'langs#add'),
(59, 'langs#admin'),
(58, 'langs#edit'),
(56, 'langs#insert'),
(57, 'langs#update'),
(4, 'language#change'),
(19, 'login#forgot'),
(20, 'login#remind'),
(5, 'login#show'),
(39, 'profile#add'),
(52, 'profile#admin'),
(53, 'profile#edit'),
(40, 'profile#insert'),
(54, 'profile#update'),
(34, 'security#admin'),
(45, 'sitemap#show'),
(49, 'tokens#add'),
(46, 'tokens#admin'),
(47, 'tokens#edit'),
(50, 'tokens#insert'),
(48, 'tokens#update'),
(23, 'translation#add'),
(32, 'translation#admin'),
(27, 'translation#commit'),
(26, 'translation#edit'),
(24, 'translation#insert'),
(31, 'translation#show'),
(33, 'translation#update'),
(17, 'user#add'),
(6, 'user#authenticate'),
(15, 'user#edit'),
(18, 'user#insert'),
(13, 'user#logout'),
(21, 'user#password'),
(22, 'user#reset'),
(16, 'user#update'),
(60, 'ajax#tree');
-- -- -- -- -- -- -- -- -- -- -- -- -- -- -- -- -- -- -- -- -- -- -- -- -- -- -- --

--
-- Contenu de la table `TOKENS`
--

INSERT INTO `TOKENS` (`TOKEN_ID`, `PROFILE_ID`) VALUES
(1, 1),
(2, 1),
(3, 1),
(4, 1),
(5, 1),
(6, 1),
(17, 1),
(1, 2),
(2, 2),
(3, 2),
(4, 2),
(5, 2),
(6, 2),
(7, 2),
(8, 2),
(9, 2),
(10, 2),
(11, 2),
(12, 2),
(13, 2),
(14, 2),
(15, 2),
(16, 2),
(18, 2),
(19, 2),
(20, 2),
(21, 2),
(22, 2),
(23, 2),
(24, 2),
(25, 2),
(26, 2),
(27, 2),
(28, 1),
(28, 2),
(29, 3),
(29, 2),
(28, 3),
(30, 3),
(31, 3),
(32, 3),
(33, 3),
(34, 3),
(36, 3),
(35, 3),
(37, 3),
(38, 3),
(39, 3),
(40, 3),
(41, 1),
(42, 1),
(43, 1),
(44, 1),
(44, 3),
(45, 1),
(45, 3),
(46, 3),
(47, 3),
(48, 3),
(49, 3),
(50, 3),
(51, 3),
(52, 3),
(53, 3),
(54, 3),
(1, 1),
(2, 1),
(3, 1),
(4, 1),
(5, 1),
(6, 1),
(17, 1),
(1, 2),
(2, 2),
(3, 2),
(4, 2),
(5, 2),
(6, 2),
(7, 2),
(8, 2),
(9, 2),
(10, 2),
(11, 2),
(12, 2),
(13, 2),
(14, 2),
(15, 2),
(16, 2),
(18, 2),
(19, 2),
(20, 2),
(21, 2),
(22, 2),
(23, 2),
(24, 2),
(25, 2),
(26, 2),
(27, 2),
(28, 1),
(28, 2),
(29, 3),
(29, 2),
(28, 3),
(30, 3),
(31, 3),
(32, 3),
(33, 3),
(34, 3),
(36, 3),
(35, 3),
(37, 3),
(38, 3),
(39, 3),
(40, 3),
(41, 1),
(42, 1),
(43, 1),
(44, 1),
(44, 3),
(45, 1),
(45, 3),
(46, 3),
(47, 3),
(48, 3),
(49, 3),
(50, 3),
(51, 3),
(52, 3),
(53, 3),
(54, 3),
(55, 3),
(56, 3),
(57, 3),
(58, 3),
(59, 3),
(60,3),
(60,2),
(60,1);
-- -----------------------------------------------------------------------------------------------------------------
INSERT INTO GROUPS (USER_ID,PROFILE_ID)
 VALUES 
 (1,1),
 (2,3),
 (2,4),
 (2,5),
 (2,6),
 (3,3),
 (3,4),
 (3,2);


-- ----


--
-- Contenu de la table `CATEGORIES`
--

INSERT INTO `CATEGORIES` (`ID`, `PARENT_CAT_ID`, `IS_ROOT`, `OWNER_ID`, `GROUP_ID`, `PERM_BIN`, `VISIBLE`, `CREATED`, `UPDATED`, `ALTERNATE`, `POSITION`) VALUES
(1, 0, 1, 2, 3, '111111101000', 0, '2011-02-24 10:20:15', '2011-02-24 10:54:51', '', 1),
(2, 1, 1, 2, 3, '111111100000', 0, '2011-02-24 10:20:15', '2011-02-24 09:21:52', '', 1),
(3, 1, 1, 2, 3, '111111101000', 1, '2011-02-24 10:20:15', '2011-02-24 09:22:36', '', 2),
(4, 2, 0, 2, 3, '111111100000', 0, '2011-02-24 10:24:24', '2011-02-24 09:24:24', '/translation/admin/', 1),
(5, 4, 0, 2, 3, '111111100000', 0, '2011-02-24 10:28:03', '2011-02-24 09:28:03', '/translation/add/', 1),
(6, 2, 0, 2, 3, '111111100000', 0, '2011-02-24 11:05:53', '2011-02-24 10:05:53', '/security/admin/', 2),
(7, 6, 0, 3, 3, '111111100000', 0, '2011-02-24 11:45:59', '2011-03-02 12:34:46', '/admin/useradd/', 1),
(8, 6, 0, 3, 3, '111111100000', 0, '2011-02-24 11:51:26', '2011-03-03 07:38:41', '/profile/admin/', 2),
(9, 6, 0, 2, 3, '111111100000', 0, '2011-02-24 11:52:34', '2011-02-24 10:53:18', '/tokens/admin/', 3),
(10, 4, 0, 3, 3, '111111100000', 0, '2011-03-02 10:08:13', '2011-06-08 11:03:26', '/langs/admin/', 2),
(11, 8, 0, 3, 3, '111111100000', 0, '2011-03-03 08:39:23', '2011-03-03 07:39:23', '/profile/add/', 1),
(12, 3, 0, 3, 3, '111111101000', 0, '2011-03-03 08:39:23', '2011-03-03 07:39:23', '/homepage/show/', 1),
(13, 2, 0, 2, 3, '111111100000', 0, '2011-04-08 12:11:10', '2011-04-08 10:11:10', '', 3),
(14, 13, 0, 2, 3, '111111100000', 0, '2011-04-08 12:12:16', '2011-04-08 10:12:16', '', 1),
(15, 13, 0, 2, 3, '111111100000', 0, '2011-04-08 12:12:54', '2011-04-08 10:12:54', '', 2),
(16, 13, 0, 2, 3, '111111100000', 0, '2011-04-08 12:14:13', '2011-04-08 10:14:13', '', 3),
(17, 9, 0, 2, 4, '111111100000', 1, '2011-05-19 13:44:19', '2011-05-19 13:44:19', '/tokens/add/', 1),
(18, 13, 0, 2, 3, '111111100000', 0, '2011-05-20 11:57:30', '2011-05-20 11:57:30', '/files/show/', 4),
(19, 10, 0, 3, 3, '111111100000', 0, '2011-06-15 09:07:33', '2011-06-15 09:07:33', '/langs/add/', 1);

-- --------------------------------------------------------


--
-- Contenu de la table `CATEGORIES_INFO`
--

INSERT INTO `CATEGORIES_INFO` (`ID`, `CAT_ID`, `LNG_ID`, `LABEL`, `TOOLTIP`) VALUES
(1, 1, 1, 'root', 'root ne pas afficher'),
(2, 1, 2, 'root', 'root niet weergeven'),
(3, 1, 4, 'root', 'root nicht angezeigt'),
(4, 1, 3, 'root', 'root do not display'),
(5, 2, 1, 'Gestion', 'Contenu caché du site'),
(6, 2, 2, 'Gestion NL', 'Contenu caché du site NL'),
(7, 2, 4, 'Gestion DE', 'Contenu caché du site DE'),
(8, 2, 3, 'Gestion EN', 'Contenu caché du site EN'),
(9, 3, 1, 'Publication', 'Contenu public du site'),
(10, 3, 2, 'Publication NL', 'Contenu public du site NL'),
(11, 3, 4, 'Publication DE', 'Contenu public du site DE'),
(12, 3, 3, 'Publication EN', 'Contenu public du site EN'),
(13, 4, 1, 'Traductions', 'Gestion des traductions'),
(14, 4, 2, 'Traductions', 'Gestion des traductions'),
(15, 4, 3, 'Traductions', 'Gestion des traductions'),
(16, 4, 4, 'Traductions', 'Gestion des traductions'),
(17, 5, 1, 'Ajouter', 'Ajouter une nouvelle traduction'),
(18, 5, 2, 'Ajouter', 'Ajouter une nouvelle traduction'),
(19, 5, 3, 'Ajouter', 'Ajouter une nouvelle traduction'),
(20, 5, 4, 'Ajouter', 'Ajouter une nouvelle traduction'),
(21, 6, 1, 'Sécurité', 'Administrer les paramètres de sécurité'),
(22, 6, 2, 'Sécurité', 'Administrer les paramètres de sécurité'),
(23, 6, 3, 'Sécurité', 'Administrer les paramètres de sécurité'),
(24, 6, 4, 'Securité', 'Administrer les paramètres de sécurité'),
(25, 7, 1, 'Ajouter un utilisateur', 'Ajouter un utilisateur'),
(26, 7, 2, 'Ajouter un utilisateur', 'Ajouter un utilisateur'),
(27, 7, 3, 'Ajouter un utilisateur', 'Ajouter un utilisateur'),
(28, 7, 4, 'Ajouter un utilisateur', 'Ajouter un utilisateur'),
(29, 8, 1, 'Gérer les profiles', 'Gérer les profiles'),
(30, 8, 2, 'Gérer les profiles', 'Gérer les profiles'),
(31, 8, 3, 'Gérer les profiles', 'Gérer les profiles'),
(32, 8, 4, 'Gérer les profiles', 'Gérer les profiles'),
(33, 9, 1, 'Gérer les tokens', 'Gérer les tokens'),
(34, 9, 2, 'Gérer les tokens', 'Gérer les tokens'),
(35, 9, 3, 'Gérer les tokens', 'Gérer les tokens'),
(36, 9, 4, 'Gérer les tokens', 'Gérer les tokens'),
(37, 10, 1, 'Gérer les langues', 'Gérer les langues'),
(38, 10, 2, 'Gérer les langues', 'Gérer les langues'),
(39, 10, 3, 'Gérer les langues', 'Gérer les langues'),
(40, 10, 4, 'Gérer les langues', 'Gérer les langues'),
(41, 11, 1, 'Ajouter un profile', 'Ajouter un profile'),
(42, 11, 2, 'Ajouter un profile', 'Ajouter un profile'),
(43, 11, 3, 'Ajouter un profile', 'Ajouter un profile'),
(44, 11, 4, 'Ajouter un profile', 'Ajouter un profile'),
(45, 12, 1, 'Accueil', 'Page d''accueil'),
(46, 12, 2, 'Accueil', 'Page d''accueil'),
(47, 12, 3, 'Accueil', 'Page d''accueil'),
(48, 12, 4, 'Accueil', 'Page d''accueil'),
(49, 13, 1, 'Contenu', 'Gestion du contenu'),
(50, 13, 2, 'Contenu', 'Gestion du contenu'),
(51, 13, 3, 'Contenu', 'Gestion du contenu'),
(52, 13, 4, 'Contenu', 'Gestion du contenu'),
(53, 14, 1, 'Demandes d''information', 'Demandes d''information'),
(54, 14, 2, 'Demandes d''information', 'Demandes d''information'),
(55, 14, 3, 'Demandes d''information', 'Demandes d''information'),
(56, 14, 4, 'Demandes d''information', 'Demandes d''information'),
(57, 15, 1, 'Evénements', 'Evénements'),
(58, 15, 2, 'Evénements', 'Evénements'),
(59, 15, 3, 'Evénements', 'Evénements'),
(60, 15, 4, 'Evénements', 'Evénements'),
(61, 16, 1, 'Articles', 'Articles'),
(62, 16, 2, 'Articles', 'Articles'),
(63, 16, 3, 'Articles', 'Articles'),
(64, 16, 4, 'Articles', 'Articles'),
(65, 17, 1, 'Ajouter des tokens', 'Permet l''ajout de token'),
(66, 17, 2, 'Ajouter des tokens', 'Permet l''ajout de token'),
(67, 17, 4, 'Ajouter des tokens', 'Permet l''ajout de token'),
(68, 17, 3, 'Ajouter des tokens', 'Permet l''ajout de token'),
(69, 18, 1, 'Fichiers', 'Gestion des images et documents joints'),
(70, 18, 2, 'Bestanden', 'Beheer van afbeeldingen en bijlagen'),
(71, 18, 4, 'Dateien', 'Verwaltung von Bildern und Anhängen'),
(72, 18, 3, 'files', 'Management of images and attachments'),
(73, 19, 1, 'Ajouter une langue', 'Ajouter une langue de traduction'),
(74, 19, 2, 'Voeg een taal', 'Voeg een vertaling taal'),
(75, 19, 4, 'Fügen Sie eine Sprache', 'Fügen Sie eine Sprache Übersetzung'),
(76, 19, 3, 'Add a language', 'Add a translation language');

-- -------------------------------------------------------------------------------

INSERT INTO TYPE_DOCUMENT (LABEL,AVAILABLE) VALUES ("Event",true);
INSERT INTO TYPE_DOCUMENT (LABEL,AVAILABLE) VALUES ("Article",true);


-- CONTACT TYPE
INSERT INTO TYPE_DOCUMENT (LABEL,AVAILABLE) VALUES ("Contact",true);

-- ACTION TYPE
INSERT INTO TYPE_DOCUMENT (LABEL,AVAILABLE) VALUES ("Action",true);

-- -----------------------------------------------------------------------------
INSERT INTO TYPE_PROPERTY (LABEL, COMMENT,IS_CONTAINER,METHOD) VALUES('Panel','a simple Panel',true,'');
INSERT INTO TYPE_PROPERTY (LABEL, COMMENT,IS_CONTAINER,METHOD) VALUES('String','a simple String',false,'ValueShort');
INSERT INTO TYPE_PROPERTY (LABEL, COMMENT,IS_CONTAINER,METHOD) VALUES('Text','A long Text String',false,'ValueText');
INSERT INTO TYPE_PROPERTY (LABEL, COMMENT,IS_CONTAINER,METHOD) VALUES('HTML','An HTML editor',false,'ValueHTML');
INSERT INTO TYPE_PROPERTY (LABEL, COMMENT,IS_CONTAINER,METHOD) VALUES('Checkbox','A checkbox',false,'Checked');
INSERT INTO TYPE_PROPERTY (LABEL, COMMENT,IS_CONTAINER,METHOD) VALUES('Date','A simple Date',false,'DateFrom');
INSERT INTO TYPE_PROPERTY (LABEL, COMMENT,IS_CONTAINER,METHOD) VALUES('DateInterval','A Date interval',false,'Interval');
INSERT INTO TYPE_PROPERTY (LABEL, COMMENT,IS_CONTAINER,METHOD) VALUES('Captchaprop','A captcha code',false,'Captcha');
INSERT INTO TYPE_PROPERTY (LABEL, COMMENT,IS_CONTAINER,METHOD) VALUES('Embedded','An embedded Action',false,'ValueShort');
INSERT INTO `TYPE_PROPERTY` (
`ID` ,
`LABEL` ,
`COMMENT` ,
`IS_CONTAINER` ,
`METHOD`
)
VALUES (
NULL ,  'dropdown',  'a simple drop down listbox',  '0',  'WordId'
);
INSERT INTO TYPE_PROPERTY (LABEL, COMMENT,IS_CONTAINER,METHOD) VALUES('ChildDoc','A Child Document',false,'ChildDocId');
-- -------------------------------------
INSERT INTO `LIST` (`ID`, `LABEL`) VALUES (NULL, 'yesno');
-- -----------------------------------------------------------------------------


INSERT INTO PROPERTY (TYPE_DOCUMENT, TYPE_PROPERTY_ID,CSS_CLASS,CSS_ID) VALUES(1,1,'borderpanel',null);
INSERT INTO PROPERTY (TYPE_DOCUMENT, TYPE_PROPERTY_ID,PARENT_PROP,CSS_CLASS,CSS_ID) VALUES(1,7,1,'interval',null);
INSERT INTO PROPERTY (TYPE_DOCUMENT, TYPE_PROPERTY_ID,PARENT_PROP,CSS_CLASS,CSS_ID) VALUES(1,4,1,'html','htmlsample');

INSERT INTO PROPERTY (TYPE_DOCUMENT, TYPE_PROPERTY_ID,CSS_CLASS,CSS_ID) VALUES(2,1,'borderpanel',null);
INSERT INTO PROPERTY (TYPE_DOCUMENT, TYPE_PROPERTY_ID,PARENT_PROP,CSS_CLASS,CSS_ID) VALUES(2,4,4,'html','htmlsample');
INSERT INTO `PROPERTY` (`ID`, `IS_DEFAULT`, `TYPE_PROPERTY_ID`, `LIST_ID`, `TYPE_DOCUMENT`, `PARENT_PROP`, `CSS_CLASS`, `CSS_ID`, `VALIDATION_METHOD`) VALUES 
(NULL, '0', '10', '1', '1', '1', NULL, NULL, NULL);


-- CONTACT FORM
INSERT INTO PROPERTY (TYPE_DOCUMENT, TYPE_PROPERTY_ID,CSS_CLASS,CSS_ID) VALUES((select ID from TYPE_DOCUMENT where LCASE(LABEL)='contact'),1,'borderpanel',null);
INSERT INTO PROPERTY (TYPE_DOCUMENT, TYPE_PROPERTY_ID,PARENT_PROP,CSS_CLASS,CSS_ID) VALUES((select ID from TYPE_DOCUMENT where LCASE(LABEL)='contact'),2,7,'email',null);
INSERT INTO PROPERTY (TYPE_DOCUMENT, TYPE_PROPERTY_ID,PARENT_PROP,CSS_CLASS,CSS_ID) VALUES((select ID from TYPE_DOCUMENT where LCASE(LABEL)='contact'),2,7,'subject',null);
INSERT INTO PROPERTY (TYPE_DOCUMENT, TYPE_PROPERTY_ID,PARENT_PROP,CSS_CLASS,CSS_ID) VALUES((select ID from TYPE_DOCUMENT where LCASE(LABEL)='contact'),3,7,'description',null);
INSERT INTO PROPERTY (TYPE_DOCUMENT, TYPE_PROPERTY_ID,PARENT_PROP,CSS_CLASS,CSS_ID) VALUES((select ID from TYPE_DOCUMENT where LCASE(LABEL)='contact'),8,7,null,null);

-- ACTION FORM
INSERT INTO PROPERTY (TYPE_DOCUMENT, TYPE_PROPERTY_ID,CSS_CLASS,CSS_ID) VALUES(4,9,null,null);
-- -----------------------------------------------------------------------------

INSERT INTO PROPERTY_INFO (PROP_ID, LNG_ID, LABEL, TOOLTIP) VALUES(1, (select id from LANGUES where ISO="fr"), "Panel", "Un Panel");
INSERT INTO PROPERTY_INFO (PROP_ID, LNG_ID, LABEL, TOOLTIP) VALUES(1, (select id from LANGUES where ISO="nl"), "Paneel", "Een Paneel");
INSERT INTO PROPERTY_INFO (PROP_ID, LNG_ID, LABEL, TOOLTIP) VALUES(1, (select id from LANGUES where ISO="de"), "Panel", "Eine Panel");
INSERT INTO PROPERTY_INFO (PROP_ID, LNG_ID, LABEL, TOOLTIP) VALUES(1, (select id from LANGUES where ISO="en"), "Panel", "A Panel");

INSERT INTO PROPERTY_INFO (PROP_ID, LNG_ID, LABEL, TOOLTIP) VALUES(2, (select id from LANGUES where ISO="fr"), "Période", "Période sur laquelle s\'étalle l\'event");
INSERT INTO PROPERTY_INFO (PROP_ID, LNG_ID, LABEL, TOOLTIP) VALUES(2, (select id from LANGUES where ISO="nl"), "Période nl", "Période sur laquelle s\'étalle l\'event nl");
INSERT INTO PROPERTY_INFO (PROP_ID, LNG_ID, LABEL, TOOLTIP) VALUES(2, (select id from LANGUES where ISO="de"), "Période de", "Période sur laquelle s\'étalle l\'event de");
INSERT INTO PROPERTY_INFO (PROP_ID, LNG_ID, LABEL, TOOLTIP) VALUES(2, (select id from LANGUES where ISO="en"), "Période en", "Période sur laquelle s\'étalle l\'event en");

INSERT INTO PROPERTY_INFO (PROP_ID, LNG_ID, LABEL, TOOLTIP) VALUES(3, (select id from LANGUES where ISO="fr"), "Description", "Description de l\'event");
INSERT INTO PROPERTY_INFO (PROP_ID, LNG_ID, LABEL, TOOLTIP) VALUES(3, (select id from LANGUES where ISO="nl"), "Description nl", "Description de l\'event nl");
INSERT INTO PROPERTY_INFO (PROP_ID, LNG_ID, LABEL, TOOLTIP) VALUES(3, (select id from LANGUES where ISO="de"), "Description de", "Description de l\'event de");
INSERT INTO PROPERTY_INFO (PROP_ID, LNG_ID, LABEL, TOOLTIP) VALUES(3, (select id from LANGUES where ISO="en"), "Description en", "Description de l\'event en");



INSERT INTO PROPERTY_INFO (PROP_ID, LNG_ID, LABEL, TOOLTIP) VALUES(4, (select id from LANGUES where ISO="fr"), "Panel", "Un Panel");
INSERT INTO PROPERTY_INFO (PROP_ID, LNG_ID, LABEL, TOOLTIP) VALUES(4, (select id from LANGUES where ISO="nl"), "Paneel", "Een Paneel");
INSERT INTO PROPERTY_INFO (PROP_ID, LNG_ID, LABEL, TOOLTIP) VALUES(4, (select id from LANGUES where ISO="de"), "Panel", "Eine Panel");
INSERT INTO PROPERTY_INFO (PROP_ID, LNG_ID, LABEL, TOOLTIP) VALUES(4, (select id from LANGUES where ISO="en"), "Panel", "A Panel");

INSERT INTO PROPERTY_INFO (PROP_ID, LNG_ID, LABEL, TOOLTIP) VALUES(5, (select id from LANGUES where ISO="fr"), "Contenu", "Contenu de l\'article");
INSERT INTO PROPERTY_INFO (PROP_ID, LNG_ID, LABEL, TOOLTIP) VALUES(5, (select id from LANGUES where ISO="nl"), "Contenu nl", "Contenu de l\'article nl");
INSERT INTO PROPERTY_INFO (PROP_ID, LNG_ID, LABEL, TOOLTIP) VALUES(5, (select id from LANGUES where ISO="de"), "Contenu de", "Contenu de l\'article de");
INSERT INTO PROPERTY_INFO (PROP_ID, LNG_ID, LABEL, TOOLTIP) VALUES(5, (select id from LANGUES where ISO="en"), "Contenu en", "Contenu de l\'article en");


-- CONTACT

INSERT INTO PROPERTY_INFO (PROP_ID, LNG_ID, LABEL, TOOLTIP) VALUES(7, (select id from LANGUES where ISO="fr"), "E-mail : ", "E-mail : ");
INSERT INTO PROPERTY_INFO (PROP_ID, LNG_ID, LABEL, TOOLTIP) VALUES(7, (select id from LANGUES where ISO="nl"), "E-mail : ", "E-mail : ");
INSERT INTO PROPERTY_INFO (PROP_ID, LNG_ID, LABEL, TOOLTIP) VALUES(7, (select id from LANGUES where ISO="de"), "E-mail : ", "E-mail : ");
INSERT INTO PROPERTY_INFO (PROP_ID, LNG_ID, LABEL, TOOLTIP) VALUES(7, (select id from LANGUES where ISO="en"), "E-mail : ", "E-mail : ");

INSERT INTO PROPERTY_INFO (PROP_ID, LNG_ID, LABEL, TOOLTIP) VALUES(8, (select id from LANGUES where ISO="fr"), "Sujet : ", "Sujet");
INSERT INTO PROPERTY_INFO (PROP_ID, LNG_ID, LABEL, TOOLTIP) VALUES(8, (select id from LANGUES where ISO="nl"), "Sujet : ", "Sujet");
INSERT INTO PROPERTY_INFO (PROP_ID, LNG_ID, LABEL, TOOLTIP) VALUES(8, (select id from LANGUES where ISO="de"), "Sujet : ", "Sujet");
INSERT INTO PROPERTY_INFO (PROP_ID, LNG_ID, LABEL, TOOLTIP) VALUES(8, (select id from LANGUES where ISO="en"), "Sujet : ", "Sujet");

INSERT INTO PROPERTY_INFO (PROP_ID, LNG_ID, LABEL, TOOLTIP) VALUES(9, (select id from LANGUES where ISO="fr"), "Votre demande : ", "Votre demande");
INSERT INTO PROPERTY_INFO (PROP_ID, LNG_ID, LABEL, TOOLTIP) VALUES(9, (select id from LANGUES where ISO="nl"), "Votre demande : ", "Votre demande");
INSERT INTO PROPERTY_INFO (PROP_ID, LNG_ID, LABEL, TOOLTIP) VALUES(9, (select id from LANGUES where ISO="de"), "Votre demande : ", "Votre demande");
INSERT INTO PROPERTY_INFO (PROP_ID, LNG_ID, LABEL, TOOLTIP) VALUES(9, (select id from LANGUES where ISO="en"), "Votre demande : ", "Votre demande");

INSERT INTO PROPERTY_INFO (PROP_ID, LNG_ID, LABEL, TOOLTIP) VALUES(10, (select id from LANGUES where ISO="fr"), "Veuillez introduire le code de validation : ", "Code de validation");
INSERT INTO PROPERTY_INFO (PROP_ID, LNG_ID, LABEL, TOOLTIP) VALUES(10, (select id from LANGUES where ISO="nl"), "Veuillez introduire le code de validation : ", "Code de validation");
INSERT INTO PROPERTY_INFO (PROP_ID, LNG_ID, LABEL, TOOLTIP) VALUES(10, (select id from LANGUES where ISO="de"), "Veuillez introduire le code de validation : ", "Code de validation");
INSERT INTO PROPERTY_INFO (PROP_ID, LNG_ID, LABEL, TOOLTIP) VALUES(10, (select id from LANGUES where ISO="en"), "Veuillez introduire le code de validation : ", "Code de validation");

-- ACTION 
INSERT INTO PROPERTY_INFO (PROP_ID, LNG_ID, LABEL, TOOLTIP) VALUES(11, 1, "Action", "Action");
INSERT INTO PROPERTY_INFO (PROP_ID, LNG_ID, LABEL, TOOLTIP) VALUES(11, 2, "Action", "Action");
INSERT INTO PROPERTY_INFO (PROP_ID, LNG_ID, LABEL, TOOLTIP) VALUES(11, 3, "Action", "Action");
INSERT INTO PROPERTY_INFO (PROP_ID, LNG_ID, LABEL, TOOLTIP) VALUES(11, 4, "Action", "Action");


-- -----------------------------------------------------------------------------------------------------------------
-- DOCUMENT
INSERT INTO `DOCUMENTS` VALUES (1,16,2,3,3,'111111101000',1,'2011-02-24 10:20:15','2011-04-08 10:15:11',1,NULL);
-- DOCUMENT INFO
INSERT INTO `DOCUMENT_INFO` (`ID`, `DOC_ID`, `LNG_ID`, `LABEL`, `TOOLTIP`) VALUES (NULL, '1', '1', 'Accueil', 'Page d\'accueil'), (NULL, '1', '2', 'Accueil', 'Page d\'accueil'), (NULL, '1', '3', 'Accueil', 'Page d\'accueil'), (NULL, '1', '4', 'Accueil', 'Page d\'accueil');
-- -----------------------------------------------------------------------------------------------------------------
-- PROPERTY_VALUE

INSERT INTO `PROPERTY_VALUES` (`ID`, `PROP_ID`, `LNG_ID`, `VALUE_SHORT`, `VALUE_TEXT`, `WORD_ID`, `VALUE_DATE_FROM`, `VALUE_DATE_TO`, `DURATION`, `CHECKED`, `DOCUMENT_ID`) VALUES (NULL, '5', '1', NULL, 'HOMEPAGETEXT', NULL, NULL, NULL, NULL, '0', '1'), (NULL, '5', '2', NULL, 'HOMEPAGETEXT', NULL, NULL, NULL, NULL, '0', '1'), (NULL, '5', '3', NULL, 'HOMEPAGETEXT', NULL, NULL, NULL, NULL, '0', '1'), (NULL, '5', '4', NULL, 'HOMEPAGETEXT', NULL, NULL, NULL, NULL, '0', '1');
-- ----------------------------------------------------

--
-- Contenu de la table `WORDS`
--

INSERT INTO `WORDS` (`ID`, `NAME`, `LIST_ID`) VALUES
(1, 'ERR_PASSWORD_UNEQUAL', NULL),
(2, 'resetbutton', NULL),
(3, 'clickhere', NULL),
(4, 'youasked', NULL),
(5, 'hereispws', NULL),
(6, 'ERR_INVALID_CAPTCHA', NULL),
(7, 'code', NULL),
(8, 'reloadimg', NULL),
(9, 'codeinfo', NULL),
(10, 'err', NULL),
(11, 'mail', NULL),
(12, 'mailinfo', NULL),
(13, 'rememberme', NULL),
(14, 'pws', NULL),
(15, 'pwsinfo', NULL),
(16, 'register', NULL),
(17, 'login', NULL),
(18, 'forgotpws', NULL),
(19, 'ERR_BAD_AUTHENTICATION', NULL),
(20, 'home', NULL),
(21, 'userEdit', NULL),
(22, 'userAdd', NULL),
(23, 'labelNom', NULL),
(24, 'lngInfo', NULL),
(25, 'labelLng', NULL),
(26, 'ddnFormat', NULL),
(27, 'ddnInfo', NULL),
(28, 'labelDDN', NULL),
(29, 'countryInfo', NULL),
(30, 'labelCountry', NULL),
(31, 'zipInfo', NULL),
(32, 'labelZip', NULL),
(33, 'cityInfo', NULL),
(34, 'labelCity', NULL),
(35, 'numeroInfo', NULL),
(36, 'labelNumero', NULL),
(37, 'rueInfo', NULL),
(38, 'labelRue', NULL),
(39, 'emailInfo', NULL),
(40, 'labelEmail', NULL),
(41, 'prenomInfo', NULL),
(42, 'nomInfo', NULL),
(43, 'labelPrenom', NULL),
(44, 'labelPws', NULL),
(45, 'labelPws2', NULL),
(46, 'pws2info', NULL),
(47, 'forgotbutton', NULL),
(48, 'ERR_UNKNOWN_EMAIL', NULL),
(49, 'transName', NULL),
(50, 'traInfo', NULL),
(51, 'traLabel', NULL),
(52, 'traLabelInfo', NULL),
(53, 'addbutton', NULL),
(54, 'ERR_WRONG_VALUE', NULL),
(55, 'ERR_NOT_AN_INTEGER', NULL),
(56, 'ERR_BAD_HASH_FORMAT', NULL),
(57, 'ERR_WRONG_KIND_OF_INSTANCE', NULL),
(58, 'ERR_BAD_DATE_FORMAT', NULL),
(59, 'ERR_BAD_FORMAT', NULL),
(60, 'labelBox', NULL),
(61, 'labelPseudo', NULL),
(62, 'ERR_BAD_LIST_FORMAT', NULL),
(63, 'ERR_NOT_AN_ARRAY', NULL),
(64, 'ERR_NOT_A_BOOLEAN', NULL),
(65, 'dateFrom', NULL),
(66, 'dateTo', NULL),
(67, 'ERR_NOT_A_DEFAULT_DOCUMENT', NULL),
(68, 'ERR_FAILED_UPDATE', NULL),
(69, 'ERR_FAILED_INSERT', NULL),
(70, 'prefs', NULL),
(71, 'logout', NULL),
(72, 'add', NULL),
(73, 'edit', NULL),
(74, 'infobulle', NULL),
(75, 'props', NULL),
(76, 'meta', NULL),
(77, 'ctcDone', NULL),
(78, 'aCat', NULL),
(79, 'owner', NULL),
(80, 'grp', NULL),
(81, 'perm', NULL),
(82, 'crDate', NULL),
(83, 'upDate', NULL),
(84, 'visibleBool', NULL),
(85, 'isVisible', NULL),
(86, 'alternate', NULL),
(87, 'longAlt', NULL),
(89, 'selTypeDoc', NULL),
(90, 'select', NULL),
(91, 'identif', NULL),
(92, 'saveall', NULL),
(93, 'usr', NULL),
(94, 'grpowns', NULL),
(95, 'mailsent', NULL),
(96, 'lastIp', NULL),
(97, 'conDate', NULL),
(98, 'cancel', NULL),
(99, 'content', NULL),
(100, 'newProf', NULL),
(101, 'comment', NULL),
(102, 'remove', NULL),
(103, 'addCat', NULL),
(104, 'addDoc', NULL),
(105, 'show', NULL),
(106, 'META_CLASSIFICATION', NULL),
(107, 'META_COPYRIGHT', NULL),
(108, 'META_DESCRIPTION', NULL),
(109, 'META_KEYWORDS', NULL),
(110, 'ERR_LACK_OF_PRIVILEGE', NULL),
(111, 'warn', NULL),
(112, 'note', NULL),
(113, 'uknw', NULL),
(114, 'except', NULL),
(115, 'ERR_BAD_PERMISSION_FORMAT', NULL),
(116, 'ERR_BAD_DAO_FACTORY', NULL),
(117, 'ERR_UNKNOWN_ACTION', NULL),
(118, 'ERR_PAGE_NOT_FOUND', NULL),
(119, 'ERR_VALUE_METHOD', NULL),
(120, 'ERR_INVALID_EMAIL', NULL),
(121, 'ERR_INVALID_IP', NULL),
(122, 'ERR_INVALID_INTERVAL', NULL),
(123, 'ERR_INVALID_PASSWORD', NULL),
(124, 'ERR_INVALID_ID', NULL),
(125, 'ERR_NOT_A_LISTVALUE', NULL),
(126, 'ERR_MALFORMED_URL', NULL),
(127, 'notfound', NULL),
(128, 'yes', 1),
(129, 'no', 1),
(130, 'currentProfs', NULL),
(131, 'profAvaible', NULL),
(132, 'labelProfile', NULL),
(133, 'profInfo', NULL),
(134, 'profComm', NULL),
(135, 'commInfo', NULL),
(136, 'tokAvail', NULL),
(137, 'tokCurr', NULL),
(138, 'CTC_MAIL_SUBJECT', NULL),
(139, 'CTC_MAIL_NUMBERIS', NULL),
(140, 'CTC_MAIL_CHECKON', NULL),
(141, 'site', NULL),
(142, 'available', NULL),
(143, 'descr', NULL);

--
-- Contenu de la table `TRANSLATION`
--

INSERT INTO `TRANSLATION` (`ID`, `WORD_ID`, `LNG_ID`, `LABEL`) VALUES
(1, 1, 1, 'Le mot de passe et sa confirmation ne sont pas identiques'),
(2, 2, 1, 'Modifier'),
(3, 3, 1, 'Cliquez ici.'),
(4, 4, 1, 'Vous avez oublié votre mot de passe. Veuillez clicquer sur le lien ci-dessous, afin de réinitialiser votre mot de passe.'),
(5, 5, 1, 'Votre mot de passe'),
(6, 6, 1, 'Code de validation est inexacte !'),
(7, 7, 1, 'Code de validation'),
(8, 8, 1, 'Changer de code'),
(9, 9, 1, 'Entrez le code de validation'),
(10, 10, 1, 'Erreur'),
(11, 11, 1, 'E-mail'),
(12, 12, 1, 'E-mail'),
(13, 13, 1, 'Mémoriser mon adresse e-mail sur cet ordinateur.'),
(14, 14, 1, 'Mot de passe'),
(15, 15, 1, 'Entrez votre Mot de passe'),
(16, 16, 1, 'S''enregistrer'),
(17, 17, 1, 'Se connecter'),
(18, 18, 1, 'Oubli de mot de passe ?'),
(19, 19, 1, 'Adresse E-mail ou mot de passe invalide.'),
(20, 20, 1, 'Page d''accueil'),
(21, 21, 1, 'sauvegarder'),
(22, 22, 1, 'créer'),
(23, 23, 1, 'Nom'),
(24, 24, 1, 'Choisissez votre langue'),
(25, 25, 1, 'Langue'),
(26, 26, 1, 'Format: DD/MM/YY'),
(27, 27, 1, 'Votre date de naissance DD/MM/YY'),
(28, 28, 1, 'Date de naissance'),
(29, 29, 1, 'Votre pays'),
(30, 30, 1, 'Pays'),
(31, 31, 1, 'Votre code postal'),
(32, 32, 1, 'Code postal'),
(33, 33, 1, 'Votre ville'),
(34, 34, 1, 'Ville'),
(35, 35, 1, 'Votre numéro'),
(36, 36, 1, 'Numéro'),
(37, 37, 1, 'Votre rue'),
(38, 38, 1, 'Rue'),
(39, 39, 1, 'Votre e-mail'),
(40, 40, 1, 'E-mail'),
(41, 41, 1, 'Votre Prénom'),
(42, 42, 1, 'Votre Nom'),
(43, 43, 1, 'Prénom'),
(44, 44, 1, 'Mot de passe'),
(45, 45, 1, 'Confirmation de mot de passe'),
(46, 46, 1, 'Confirmez votre mot de passe'),
(47, 47, 1, 'Envoyer'),
(48, 48, 1, 'Adresse e-mail inconnue'),
(49, 49, 1, 'Nom'),
(50, 50, 1, 'Nom de la traduction'),
(51, 51, 1, 'Traduction'),
(52, 52, 1, 'Valeur de traduction affichable'),
(53, 53, 1, 'Ajouter'),
(54, 55, 1, 'L''identifiant doit être de type Entier.'),
(55, 54, 1, 'L''identifiant doit être supérieur ou égal à  zéro.'),
(56, 56, 1, 'Le hashing est invalide.'),
(57, 57, 1, 'Cette méthode requiert une instance de:'),
(58, 59, 1, 'Le format est incorrect pour: '),
(59, 60, 1, 'Boite'),
(60, 61, 1, 'Pseudonyme'),
(61, 62, 1, 'La liste ne doit contenir que des instances de:'),
(62, 63, 1, 'Le paramètre demandé doit être un Tableau.'),
(63, 64, 1, 'Le paramètre doit être un booléen'),
(64, 65, 1, 'de (date)'),
(65, 66, 1, 'à  (date)'),
(66, 67, 1, 'Ceci n''est pas undocument par défaut'),
(67, 70, 1, 'Préférences'),
(68, 71, 1, 'Se déconnecter'),
(69, 72, 1, 'Ajouter'),
(70, 73, 1, 'Modifier'),
(71, 74, 1, 'Info-Bulle'),
(72, 75, 1, 'Propriétés'),
(73, 76, 1, 'Métadonnées'),
(74, 77, 1, 'Votre demande à  bien été enregistrée.'),
(75, 77, 2, 'Votre demande à  bien été enregistrée.'),
(76, 77, 3, 'Votre demande à  bien été enregistrée.'),
(77, 77, 4, 'Votre demande à  bien été enregistrée.'),
(78, 78, 1, 'une catégorie'),
(79, 78, 2, 'une catégorie'),
(80, 78, 3, 'a category'),
(81, 78, 4, 'une catégorie'),
(82, 73, 2, 'Modifier'),
(83, 73, 3, 'Edit'),
(84, 73, 4, 'Modifier'),
(85, 21, 2, 'sauvegarder'),
(86, 21, 3, 'save'),
(87, 21, 4, 'sauvegarder'),
(88, 79, 1, 'Propriétaire'),
(89, 79, 2, 'Propriétaire'),
(90, 79, 3, 'Owner'),
(91, 79, 4, 'Propriétaire'),
(92, 80, 1, 'Groupe'),
(93, 80, 2, 'Groupe'),
(94, 80, 3, 'Group'),
(95, 80, 4, 'Groupe'),
(96, 81, 1, 'Permissions'),
(97, 81, 2, 'Permissions'),
(98, 81, 3, 'Permissions'),
(99, 81, 4, 'Permissions'),
(100, 82, 1, 'Date de création'),
(101, 82, 2, 'Date de création'),
(102, 82, 3, 'Creation date'),
(103, 82, 4, 'Date de création'),
(104, 83, 1, 'Date de modification'),
(105, 83, 2, 'Date de modification'),
(106, 83, 3, 'Updated date'),
(107, 83, 4, 'Date de modification'),
(108, 84, 1, '1 si l''objet doit être visible.'),
(109, 84, 2, '1 if the object should be visible in menu tree, 0 if not.'),
(110, 84, 3, '1 if the object should be visible in menu tree, 0 if not.'),
(111, 84, 4, '1 if the object should be visible in menu tree, 0 if not.'),
(112, 85, 1, 'Visible?'),
(113, 85, 2, 'Visible?'),
(114, 85, 3, 'Visible?'),
(115, 85, 4, 'Visible?'),
(116, 86, 1, 'Action alternative'),
(117, 86, 2, 'Action alternative'),
(118, 86, 3, 'Alternate action'),
(119, 86, 4, 'Action alternative'),
(120, 87, 1, 'Dériver du comportement normal en spécifiant un couple Module/Action différent.'),
(121, 87, 2, 'Dériver du comportement normal en spécifiant un couple Module/Action différent.'),
(122, 87, 3, 'Alternate module/action, to derive from normal behaviour.'),
(123, 87, 4, 'Dériver du comportement normal en spécifiant un couple Module/Action différent.'),
(128, 89, 1, 'Sélectionnezle type de document que vous voulez ajouter : '),
(129, 89, 2, 'Sélectionnezle type de document que vous voulez ajouter : '),
(130, 89, 3, 'Sélectionnezle type de document que vous voulez ajouter : '),
(131, 89, 4, 'Sélectionnezle type de document que vous voulez ajouter : '),
(132, 90, 1, 'Sélectionner'),
(133, 90, 2, 'Select'),
(134, 90, 3, 'Select'),
(135, 90, 4, 'Select'),
(136, 91, 1, 'Identifiant'),
(137, 91, 2, 'Identifiant'),
(138, 91, 3, 'Identifiant'),
(139, 91, 4, 'Identifiant'),
(140, 92, 1, 'Tout sauvegarder'),
(141, 92, 2, 'Tout sauvegarder'),
(142, 92, 3, 'Save all'),
(143, 92, 4, 'Tout sauvegarder'),
(144, 93, 1, 'Utilisateur'),
(145, 93, 2, 'Utilisateur'),
(146, 93, 3, 'User'),
(147, 93, 4, 'Utilisateur'),
(148, 94, 1, 'Le groupe qui possède l''objet.'),
(149, 94, 2, 'The group of users that owns the object'),
(150, 94, 3, 'The group of users that owns the object'),
(151, 94, 4, 'The group of users that owns the object'),
(152, 95, 1, 'Un e-mail vous a  été envoyé par le système.'),
(153, 95, 2, 'Un e-mail vous a  été envoyé par le système.'),
(154, 95, 3, 'Un e-mail vous a  été envoyé par le système.'),
(155, 95, 4, 'Un e-mail vous a  été envoyé par le système.'),
(156, 96, 1, 'Dernière adresse IP'),
(157, 96, 2, 'Dernière adresse IP'),
(158, 96, 3, 'Dernière adresse IP'),
(159, 96, 4, 'Dernière adresse IP'),
(160, 97, 1, 'Dernière Connection'),
(161, 97, 2, 'Dernière Connection'),
(162, 97, 3, 'Dernière Connection'),
(163, 97, 4, 'Dernière Connection'),
(164, 72, 2, 'Ajouter'),
(165, 72, 3, 'Ajouter'),
(166, 72, 4, 'Ajouter'),
(167, 53, 2, 'Ajouter'),
(168, 53, 3, 'Ajouter'),
(169, 53, 4, 'Ajouter'),
(170, 63, 2, 'Le paramètre demandé doit être un Tableau.'),
(171, 63, 3, 'Le paramètre demandé doit être un Tableau.'),
(172, 63, 4, 'Le paramètre demandé doit être un Tableau.'),
(173, 19, 2, 'Adresse E-mail ou mot de passe invalide.'),
(174, 19, 3, 'Adresse E-mail ou mot de passe invalide.'),
(175, 19, 4, 'Adresse E-mail ou mot de passe invalide.'),
(176, 59, 2, 'Le format est incorrect pour:'),
(177, 59, 3, 'Le format est incorrect pour:'),
(178, 59, 4, 'Le format est incorrect pour:'),
(179, 56, 2, 'Le hashing est invalide.'),
(180, 56, 3, 'Le hashing est invalide.'),
(181, 56, 4, 'Le hashing est invalide.'),
(182, 64, 2, 'Le paramètre doit être un booléen'),
(183, 64, 3, 'Le paramètre doit être un booléen'),
(184, 64, 4, 'Le paramètre doit être un booléen'),
(185, 33, 2, 'Votre ville'),
(186, 33, 3, 'Votre ville'),
(187, 33, 4, 'Votre ville'),
(188, 3, 2, 'Cliquez ici.'),
(189, 3, 3, 'Cliquez ici.'),
(190, 3, 4, 'Cliquez ici.'),
(191, 7, 2, 'Code de validation'),
(192, 7, 3, 'Code de validation'),
(193, 7, 4, 'Code de validation'),
(194, 9, 2, 'Entrez le code de validation'),
(195, 9, 3, 'Entrez le code de validation'),
(196, 9, 4, 'Entrez le code de validation'),
(197, 29, 2, 'Votre pays'),
(198, 29, 3, 'Votre pays'),
(199, 29, 4, 'Votre pays'),
(200, 69, 1, 'L''insertion a échoué'),
(201, 69, 2, 'L''insertion a échoué'),
(202, 69, 3, 'L''insertion a échoué'),
(203, 69, 4, 'L''insertion a échoué'),
(204, 68, 1, 'La modification à  échoué'),
(205, 68, 2, 'La modification à  échoué'),
(206, 68, 3, 'La modification à  échoué'),
(207, 68, 4, 'La modification à  échoué'),
(208, 58, 1, 'La date est invalide'),
(209, 58, 2, 'La date est invalide'),
(210, 58, 3, 'La date est invalide'),
(211, 58, 4, 'La date est invalide'),
(212, 48, 2, 'Adresse e-mail inconnue'),
(213, 48, 3, 'Adresse e-mail inconnue'),
(214, 48, 4, 'Adresse e-mail inconnue'),
(215, 60, 2, 'Boite'),
(216, 60, 3, 'Boite'),
(217, 60, 4, 'Boite'),
(218, 67, 2, 'Ceci n''est pas undocument par défaut'),
(219, 67, 3, 'Ceci n''est pas undocument par défaut'),
(220, 67, 4, 'Ceci n''est pas undocument par défaut'),
(221, 57, 2, 'Cette méthode requiert une instance de:'),
(222, 57, 3, 'Cette méthode requiert une instance de:'),
(223, 57, 4, 'Cette méthode requiert une instance de:'),
(224, 8, 2, 'Changer de code'),
(225, 8, 3, 'Changer de code'),
(226, 8, 4, 'Changer de code'),
(227, 24, 2, 'Choisissez votre langue'),
(228, 24, 3, 'Choisissez votre langue'),
(229, 24, 4, 'Choisissez votre langue'),
(230, 6, 2, 'Code de validation est inexacte !'),
(231, 6, 3, 'Code de validation est inexacte !'),
(232, 6, 4, 'Code de validation est inexacte !'),
(233, 31, 2, 'Votre code postal'),
(234, 31, 3, 'Votre code postal'),
(235, 31, 4, 'Votre code postal'),
(236, 40, 2, 'E-mail'),
(237, 40, 3, 'E-mail'),
(238, 40, 4, 'E-mail'),
(239, 11, 2, 'E-mail'),
(240, 11, 3, 'E-mail'),
(241, 11, 4, 'E-mail'),
(242, 65, 2, 'de (date)'),
(243, 65, 3, 'de (date)'),
(244, 65, 4, 'de (date)'),
(245, 28, 2, 'Date de naissance'),
(246, 28, 3, 'Date de naissance'),
(247, 28, 4, 'Date de naissance'),
(248, 22, 2, 'créer'),
(249, 22, 3, 'créer'),
(250, 22, 4, 'créer'),
(251, 46, 2, 'Confirmez votre mot de passe'),
(252, 46, 3, 'Confirmez votre mot de passe'),
(253, 46, 4, 'Confirmez votre mot de passe'),
(254, 45, 2, 'Confirmation de mot de passe'),
(255, 45, 3, 'Confirmation de mot de passe'),
(256, 45, 4, 'Confirmation de mot de passe'),
(257, 32, 2, 'Code postal'),
(258, 32, 3, 'Code postal'),
(259, 32, 4, 'Code postal'),
(260, 66, 2, 'à  (date)'),
(261, 66, 3, 'à  (date)'),
(262, 66, 4, 'à  (date)'),
(263, 26, 2, 'Format: DD/MM/YY'),
(264, 26, 3, 'Format: DD/MM/YY'),
(265, 26, 4, 'Format: DD/MM/YY'),
(266, 27, 2, 'Votre date de naissance DD/MM/YY'),
(267, 27, 3, 'Votre date de naissance DD/MM/YY'),
(268, 27, 4, 'Votre date de naissance DD/MM/YY'),
(269, 1, 2, 'Le mot de passe et sa confirmation ne sont pas identiques'),
(270, 1, 3, 'Le mot de passe et sa confirmation ne sont pas identiques'),
(271, 1, 4, 'Le mot de passe et sa confirmation ne sont pas identiques'),
(272, 39, 2, 'Votre e-mail'),
(273, 39, 3, 'Votre e-mail'),
(274, 39, 4, 'Votre e-mail'),
(275, 10, 2, 'Erreur'),
(276, 10, 3, 'Erreur'),
(277, 10, 4, 'Erreur'),
(278, 47, 2, 'Envoyer'),
(279, 47, 3, 'Envoyer'),
(280, 47, 4, 'Envoyer'),
(281, 18, 2, 'Oubli de mot de passe ?'),
(282, 18, 3, 'Oubli de mot de passe ?'),
(283, 18, 4, 'Oubli de mot de passe ?'),
(284, 5, 2, 'Votre mot de passe'),
(285, 5, 3, 'Votre mot de passe'),
(286, 5, 4, 'Votre mot de passe'),
(287, 20, 2, 'Page d''accueil'),
(288, 20, 3, 'Page d''accueil'),
(289, 20, 4, 'Page d''accueil'),
(290, 55, 2, 'L''identifiant doit être de type Entier.'),
(291, 55, 3, 'L''identifiant doit être de type Entier.'),
(292, 55, 4, 'L''identifiant doit être de type Entier.'),
(293, 54, 2, 'L''identifiant doit être supérieur ou égal à  zéro.'),
(294, 54, 3, 'L''identifiant doit être supérieur ou égal à  zéro.'),
(295, 54, 4, 'L''identifiant doit être supérieur ou égal à  zéro.'),
(296, 74, 2, 'Info-Bulle'),
(297, 74, 3, 'Info-Bulle'),
(298, 74, 4, 'Info-Bulle'),
(299, 16, 2, 'S''enregistrer'),
(300, 16, 3, 'S''enregistrer'),
(301, 16, 4, 'S''enregistrer'),
(302, 13, 2, 'Mémoriser mon adresse e-mail sur cet ordinateur.'),
(303, 13, 3, 'Mémoriser mon adresse e-mail sur cet ordinateur.'),
(304, 13, 4, 'Mémoriser mon adresse e-mail sur cet ordinateur.'),
(305, 2, 2, 'Modifier'),
(306, 2, 3, 'Modifier'),
(307, 2, 4, 'Modifier'),
(308, 37, 2, 'Votre rue'),
(309, 37, 3, 'Votre rue'),
(310, 37, 4, 'Votre rue'),
(311, 50, 2, 'Nom de la traduction'),
(312, 50, 3, 'Nom de la traduction'),
(313, 50, 4, 'Nom de la traduction'),
(314, 51, 2, 'Traduction'),
(315, 51, 3, 'Traduction'),
(316, 51, 4, 'Traduction'),
(317, 52, 2, 'Valeur de traduction affichable'),
(318, 52, 3, 'Valeur de traduction affichable'),
(319, 52, 4, 'Valeur de traduction affichable'),
(320, 49, 2, 'Nom'),
(321, 49, 3, 'Nom'),
(322, 49, 4, 'Nom'),
(323, 4, 2, 'Vous avez oublié votre mot de passe. Veuillez clicquer sur le lien ci-dessous, afin de réinitialiser votre mot de passe.'),
(324, 4, 3, 'Vous avez oublié votre mot de passe. Veuillez clicquer sur le lien ci-dessous, afin de réinitialiser votre mot de passe.'),
(325, 4, 4, 'Vous avez oublié votre mot de passe. Veuillez clicquer sur le lien ci-dessous, afin de réinitialiser votre mot de passe.'),
(326, 34, 2, 'Ville'),
(327, 34, 3, 'Ville'),
(328, 34, 4, 'Ville'),
(329, 30, 2, 'Pays'),
(330, 30, 3, 'Pays'),
(331, 30, 4, 'Pays'),
(332, 25, 2, 'Langue'),
(333, 25, 3, 'Langue'),
(334, 25, 4, 'Langue'),
(335, 23, 2, 'Nom'),
(336, 23, 3, 'Nom'),
(337, 23, 4, 'Nom'),
(338, 36, 2, 'Numéro'),
(339, 36, 3, 'Numéro'),
(340, 36, 4, 'Numéro'),
(341, 43, 2, 'Prénom'),
(342, 43, 3, 'Prénom'),
(343, 43, 4, 'Prénom'),
(344, 61, 2, 'Pseudonyme'),
(345, 61, 3, 'Pseudonyme'),
(346, 61, 4, 'Pseudonyme'),
(347, 44, 2, 'Mot de passe'),
(348, 44, 3, 'Mot de passe'),
(349, 44, 4, 'Mot de passe'),
(350, 38, 2, 'Rue'),
(351, 38, 3, 'Rue'),
(352, 38, 4, 'Rue'),
(353, 62, 2, 'La liste ne doit contenir que des instances de:'),
(354, 62, 3, 'La liste ne doit contenir que des instances de:'),
(355, 62, 4, 'La liste ne doit contenir que des instances de:'),
(356, 17, 2, 'Se connecter'),
(357, 17, 3, 'Se connecter'),
(358, 17, 4, 'Se connecter'),
(359, 71, 2, 'Se déconnecter'),
(360, 71, 3, 'Se déconnecter'),
(361, 71, 4, 'Se déconnecter'),
(362, 12, 2, 'E-mail'),
(363, 12, 3, 'E-mail'),
(364, 12, 4, 'E-mail'),
(365, 76, 2, 'Métadonnées'),
(366, 76, 3, 'Métadonnées'),
(367, 76, 4, 'Métadonnées'),
(368, 42, 2, 'Votre Nom'),
(369, 42, 3, 'Votre Nom'),
(370, 42, 4, 'Votre Nom'),
(371, 35, 2, 'Votre numéro'),
(372, 35, 3, 'Votre numéro'),
(373, 35, 4, 'Votre numéro'),
(374, 70, 2, 'Préférences'),
(375, 70, 3, 'Préférences'),
(376, 70, 4, 'Préférences'),
(377, 41, 2, 'Votre Prénom'),
(378, 41, 3, 'Votre Prénom'),
(379, 41, 4, 'Votre Prénom'),
(380, 75, 2, 'Propriétés'),
(381, 75, 3, 'Propriétés'),
(382, 75, 4, 'Propriétés'),
(383, 14, 2, 'Mot de passe'),
(384, 14, 3, 'Mot de passe'),
(385, 14, 4, 'Mot de passe'),
(386, 15, 2, 'Entrez votre Mot de passe'),
(387, 15, 3, 'Entrez votre Mot de passe'),
(388, 15, 4, 'Entrez votre Mot de passe'),
(389, 98, 1, 'Annuler'),
(390, 98, 2, 'Annuler'),
(391, 98, 3, 'Annuler'),
(392, 98, 4, 'Annuler'),
(393, 99, 1, 'Contenu :'),
(394, 99, 2, 'Contenu :'),
(395, 99, 3, 'Contenu :'),
(396, 99, 4, 'Contenu :'),
(397, 100, 1, 'Créer un nouveau profile d''utilisateur: '),
(398, 100, 2, 'Créer un nouveau profile d''utilisateur: '),
(399, 100, 3, 'Créer un nouveau profile d''utilisateur: '),
(400, 100, 4, 'Créer un nouveau profile d''utilisateur: '),
(401, 101, 1, 'Commentaires'),
(402, 101, 2, 'Commentaires'),
(403, 101, 3, 'Commentaires'),
(404, 101, 4, 'Commentaires'),
(405, 102, 1, 'Retirer'),
(406, 102, 2, 'Retirer'),
(407, 102, 3, 'Retirer'),
(408, 102, 4, 'Retirer'),
(409, 103, 1, 'Ajouter une catégorie'),
(410, 103, 2, 'Ajouter une catégorie'),
(411, 103, 3, 'Ajouter une catégorie'),
(412, 103, 4, 'Ajouter une catégorie'),
(413, 104, 1, 'Ajouter un nouveau document'),
(414, 104, 2, 'Ajouter un nouveau document'),
(415, 104, 3, 'Ajouter un nouveau document'),
(416, 104, 4, 'Ajouter un nouveau document'),
(417, 105, 1, 'Afficher'),
(418, 105, 2, 'Afficher'),
(419, 105, 3, 'Afficher'),
(420, 105, 4, 'Afficher'),
(421, 116, 1, 'AOFactoryCeci n''est pas une DAOFactory valide'),
(422, 116, 2, 'Dit is geen geldige DAOFactory'),
(423, 116, 3, 'Invalid DAOFactory'),
(424, 116, 4, 'Dies ist keine gültige DAOFactory'),
(425, 115, 1, 'Mauvais format de permission'),
(426, 115, 2, 'Slechte indeling toestemming'),
(427, 115, 3, 'Wrong permission format'),
(428, 115, 4, 'Bad Format Erlaubnis'),
(429, 120, 1, 'Le format de l''adresse e-mail est invalide'),
(430, 120, 2, 'Het formaat van het e-mailadres is ongeldig'),
(431, 120, 3, 'The format of the email address is invalid'),
(432, 120, 4, 'Das Format der E-Mail-Adresse ist ungültig'),
(433, 124, 1, 'L''id doit être de type entier et supérieur ou égale à 0'),
(434, 124, 2, 'De id moet integer en groter dan of gelijk aan 0'),
(435, 124, 3, 'The id must be integer and greater than or equal to 0'),
(436, 124, 4, 'Die ID muss integer und größer oder gleich 0'),
(437, 122, 1, 'L''intervalle de date est invalide'),
(438, 122, 2, 'Het datumbereik is ongeldig'),
(439, 122, 3, 'The date range is invalid'),
(440, 122, 4, 'Das Datum ist ungültig'),
(441, 121, 1, 'L''adresse IP est invalide'),
(442, 121, 2, 'Het IP-adres is ongeldig'),
(443, 121, 3, 'The IP address is invalid'),
(444, 121, 4, 'Die IP-Adresse ist ungültig'),
(445, 123, 1, 'Le mot de passe est invalide. Minimum 6 caractères.'),
(446, 123, 2, 'Het wachtwoord is ongeldig. Minimum 6 tekens.'),
(447, 123, 3, 'The password is invalid. Minimum 6 characters.'),
(448, 123, 4, 'Das Kennwort ist ungültig. Mindestens 6 Zeichen.'),
(449, 110, 1, 'Votre niveau d''accréditation est insuffisant pour cette demande.'),
(450, 110, 2, 'Uw certificering niveau is onvoldoende voor deze toepassing.'),
(451, 110, 3, 'Your certification level is insufficient for this application.'),
(452, 110, 4, 'Ihre Zertifizierung ist zu gering für diese Anwendung.'),
(453, 126, 1, 'La page que vous avez demandée est inexistante.'),
(454, 126, 2, 'De door u opgevraagde pagina bestaat niet.'),
(455, 126, 3, 'The page you requested does not exist.'),
(456, 126, 4, 'Der von Ihnen angeforderte Seite existiert nicht.'),
(457, 125, 1, 'Le paramètre n''est pas une instance de Word.'),
(458, 125, 2, 'De instelling is niet een instantie van Word.'),
(459, 125, 3, 'The setting is not an instance of Word.'),
(460, 125, 4, 'Die Einstellung ist nicht eine Instanz Word.'),
(461, 118, 1, 'La page que vous avez demandée est introuvable.'),
(462, 118, 2, 'De door u opgevraagde pagina is niet gevonden.'),
(463, 118, 3, 'The page you requested was not found.'),
(464, 118, 4, 'Der von Ihnen angeforderte Seite wurde nicht gefunden.'),
(465, 117, 1, 'Le module spécifié ne possède aucune action de ce type.'),
(466, 117, 2, 'De opgegeven module heeft geen dergelijke actie.'),
(467, 117, 3, 'The specified module has no such action.'),
(468, 117, 4, 'Das angegebene Modul wurde nicht entsprechende Maßnahmen.'),
(469, 119, 1, 'Pas de méthode valide pour cette propriété.'),
(470, 119, 2, 'Geen geldige methode voor deze eigenschap.'),
(471, 119, 3, 'No valid method for this property.'),
(472, 119, 4, 'Keine gültige Methode für diese Eigenschaft.'),
(473, 114, 1, 'Exception'),
(474, 114, 2, 'Uitzondering'),
(475, 114, 3, 'Exception'),
(476, 114, 4, 'Ausnahme'),
(477, 106, 1, 'General'),
(478, 106, 2, 'General'),
(479, 106, 3, 'General'),
(480, 106, 4, 'General'),
(481, 107, 1, 'Limba-cms'),
(482, 107, 2, 'Limba-cms'),
(483, 107, 3, 'Limba-cms'),
(484, 107, 4, 'Limba-cms'),
(485, 108, 1, 'Site officiel de Limba-cms.'),
(486, 108, 2, 'De officiële site van Limba-cms.'),
(487, 108, 3, 'Official site of Limba-cms.'),
(488, 108, 4, 'Offizielle Website der Limba-cms.'),
(489, 109, 1, 'Limba, cms, Content Management System, open Source, free, php, Mysql'),
(490, 109, 2, 'Limba, cms, Content Management System, open Source, free, php, Mysql'),
(491, 109, 3, 'Limba, cms, Content Management System, open Source, free, php, Mysql'),
(492, 109, 4, 'Limba, cms, Content Management System, open Source, free, php, Mysql'),
(493, 112, 1, 'Note'),
(494, 112, 2, 'Opmerking'),
(495, 112, 3, 'Notice'),
(496, 112, 4, 'beachten'),
(497, 113, 1, 'Erreur inconnue'),
(498, 113, 2, 'Onbekende fout'),
(499, 113, 3, 'Unknown error'),
(500, 113, 4, 'Unbekannter Fehler'),
(501, 111, 1, 'Avertissement'),
(502, 111, 2, 'Waarschuwing'),
(503, 111, 3, 'Warning'),
(504, 111, 4, 'Warnung'),
(505, 127, 1, 'L''adresse e-mail mentionnée n''existe pas dans notre base de donnée!'),
(506, 127, 2, 'L''adresse e-mail mentionnée n''existe pas dans notre base de donnée!'),
(507, 127, 3, 'L''adresse e-mail mentionnée n''existe pas dans notre base de donnée!'),
(508, 127, 4, 'L''adresse e-mail mentionnée n''existe pas dans notre base de donnée!'),
(509, 128, 1, 'oui'),
(510, 128, 2, 'ya'),
(511, 128, 3, 'yes'),
(512, 128, 4, 'ya'),
(513, 129, 1, 'non'),
(514, 129, 2, 'nee'),
(515, 129, 3, 'no'),
(516, 129, 4, 'nicht'),
(517, 130, 1, 'Profiles associés'),
(518, 130, 2, 'Gerelateerde Profielen'),
(519, 130, 3, 'Related Profiles'),
(520, 130, 4, 'Ähnliche Netzwerke'),
(521, 131, 1, 'Profiles disponibles'),
(522, 131, 2, 'Profielen beschikbaar'),
(523, 131, 3, 'Profiles available'),
(524, 131, 4, 'Netzwerke verfügbar'),
(525, 132, 1, 'Profile : '),
(526, 132, 2, 'Profiel : '),
(527, 132, 4, 'Profil : '),
(528, 132, 3, 'Profile : '),
(529, 133, 1, 'Le nom du profile.'),
(530, 133, 2, 'De naam van het profiel.'),
(531, 133, 4, 'Der Name des Profils.'),
(532, 133, 3, 'The name of the profile.'),
(533, 134, 1, 'Commentaires : '),
(534, 134, 2, 'Opmerkingen:'),
(535, 134, 4, 'Kommentare:'),
(536, 134, 3, 'Comments: '),
(537, 135, 1, 'Entrez vos commentaires.'),
(538, 135, 2, 'Geef uw commentaar.'),
(539, 135, 4, 'Geben Sie Ihren Kommentar.'),
(540, 135, 3, 'Enter your comments.'),
(541, 136, 1, 'Tokens disponibles'),
(542, 136, 2, 'Penningen beschikbaar'),
(543, 136, 4, 'Tokens verfügbar'),
(544, 136, 3, 'Tokens available'),
(545, 137, 1, 'Tokens associés'),
(546, 137, 2, 'Penningen in verband'),
(547, 137, 4, 'Tokens findet'),
(548, 137, 3, 'Tokens associated'),
(549, 138, 1, 'Une demande d''information d''un utilisateur'),
(550, 138, 2, 'Een verzoek om informatie van een gebruiker'),
(551, 138, 4, 'Ein Ersuchen um Informationen von einem Benutzer'),
(552, 138, 3, 'A request for information from a user'),
(553, 139, 1, 'Le numéro de la demande est : '),
(554, 139, 2, 'De toepassing is: '),
(555, 139, 4, 'Der Antrag lautet:'),
(556, 139, 3, 'The application number is:'),
(557, 140, 1, 'Consultez la demande sur le '),
(558, 140, 2, 'Zie het verzoek op de '),
(559, 140, 4, 'Siehe den Antrag auf der '),
(560, 140, 3, 'See the request on the '),
(561, 141, 1, 'site web'),
(562, 141, 2, 'Website'),
(563, 141, 4, 'Website'),
(564, 141, 3, 'Website'),
(565, 142, 1, 'Disponible'),
(566, 142, 2, 'Beschikbaar'),
(567, 142, 4, 'Verfügbar'),
(568, 142, 3, 'Available'),
(569, 143, 1, 'Description'),
(570, 143, 2, 'Beschrijving'),
(571, 143, 4, 'Beschreibung'),
(572, 143, 3, 'Description');
--
-- Contenu de la table `TOKENS`
--

INSERT INTO `TOKENS` (`TOKEN_ID`, `PROFILE_ID`) VALUES
(1, 1),
(2, 1),
(3, 1),
(4, 1),
(5, 1),
(6, 1),
(17, 1),
(1, 2),
(2, 2),
(3, 2),
(4, 2),
(5, 2),
(6, 2),
(7, 2),
(8, 2),
(9, 2),
(10, 2),
(11, 2),
(12, 2),
(13, 2),
(14, 2),
(15, 2),
(16, 2),
(18, 2),
(19, 2),
(20, 2),
(21, 2),
(22, 2),
(23, 2),
(24, 2),
(25, 2),
(26, 2),
(27, 2),
(28, 1),
(28, 2),
(29, 3),
(29, 2),
(28, 3),
(30, 3),
(31, 3),
(32, 3),
(33, 3),
(34, 3),
(36, 3),
(35, 3),
(37, 3),
(38, 3),
(39, 3),
(40, 3),
(41, 1),
(42, 1),
(43, 1),
(44, 1),
(44, 3),
(45, 1),
(45, 3),
(46, 3),
(47, 3),
(48, 3),
(49, 3),
(50, 3),
(51, 3),
(52, 3),
(53, 3),
(54, 3);
